Word,Definition,Sentence
abberant,abnormal; different from the accepted norm, His aberrant behavior raised eyebrows among his peers.
abeyance,state of suspension; temporary inaction, The project was put in abeyance until further notice.
absetmious,"characterized by a state of self denial, particularly in the area of food or drink"," She maintained an abstemious lifestyle, avoiding excess in both food and drink."
acquiescent,agreeing without protest," The employee was too acquiescent, rarely expressing disagreement with the boss."
acrid,bitter; harsh, The acrid smell of burnt rubber filled the air.
acrimonious,"bitter in temper, manner, and speech"," The debate took an acrimonious turn, with both sides exchanging harsh words."
acumen,keenness; quickness or intellectual insight, Her business acumen helped the company thrive in a competitive market.
admonition,a gentle reproof, The teacher's admonition to study harder resonated with the students.
affront,to offend as with gesture, His rude comments were perceived as a personal affront.
aggrandize,to widen in scope or make bigger, Some leaders tend to aggrandize their achievements for political gain.
aggregate,ammounting to a whole, The data scientists needed to aggregate the results from multiple experiments.
allay,to reduce the intensity of, The apology served to allay her concerns about the misunderstanding.
amalgamate,to mix or blend together in a homogenous way, The two companies decided to amalgamate to strengthen their market position.
ameliorate,to make better or improve, Efforts were made to ameliorate the living conditions in the impoverished area.
anecdote,a short account of an interesting incident, The speaker shared a humorous anecdote to lighten the mood.
archipelego,a large group of islands, The islands formed a beautiful archipelago in the crystal-clear waters.
artifice,cleverness or skill, The magician's artifice left the audience in awe.
ascetic,given to severe self denial; practicing excsessive abstinence," Living a simple and ascetic life, he renounced material pleasures."
assiduous,"persistent, unceasing", Her assiduous efforts were evident in the quality of her work.
astute,keen; wise, The astute detective quickly solved the complex case.
audacious,fearless, The audacious plan surprised everyone with its boldness.
austere,unadorned; severly simple," The monastery had an austere atmosphere, emphasizing simplicity and discipline."
aver,"to avouch, justify or prove", He would often aver his innocence despite the evidence against him.
banal,trite; commonplace, The movie's plot was so banal that it failed to capture the audience's interest.
base,the underlying concept of a system or theory, His decision to betray his friends was morally base.
beset,"to surround, as in an attack", The company was beset by financial challenges and internal conflicts.
blatant,offensively loud, His disregard for the rules was blatant and obvious to everyone.
bolster,to support; to reinforce, The support from her friends helped to bolster her confidence.
bombastic,using inflated language; pompous, The politician's bombastic speech was full of grandiose promises.
boon,a timely benefit, The discovery of a new energy source was a boon for the country.
brevity,briefness or conciseness, The speaker delivered the message with brevity and clarity.
browbeat,to intimidate in an overbearing manner, The aggressive manager tried to browbeat his subordinates into compliance.
bumptious,offensively self assertive; pushy, His bumptious attitude made it difficult for others to work with him.
bungle,to perform clumsily or inadequately; botch, The clumsy chef managed to bungle even the simplest recipes.
burgeon,to grow forth; to send out buds, The city continued to burgeon with new businesses and residents.
cacophony,"a disagreeable, harsh, or discordant sound or tone", The cacophony of honking horns and shouting filled the busy street.
callous,insensitive; indifferent, His callous remarks hurt her deeply.
calumniate,to make false and malicious statements about, Spreading false rumors to calumniate a rival is unethical.
candor,to be open and sincere, She appreciated his candor and honesty in their conversations.
chicanery,use of trickery to decieve, The businessman was known for his chicanery in business deals.
churl,"a rude, boorish or surly person", His churlish behavior made it challenging to collaborate with him.
coda,concluding section of a musical or literary peice; summarizes, The final paragraph served as a coda to the author's heartfelt essay.
cognizant,"aware, taking notice", The team was cognizant of the challenges ahead.
colloquial,pertaining to common speech, The author used colloquial language to connect with a broader audience.
comlpacency,a feeling of quiet security, Complacency can be a significant obstacle to personal growth.
confidante,one to whom secrets are confined, She shared her deepest secrets only with her closest confidante.
congrous,appropriate or fitting, The colors in the painting were congruous and harmonious.
consternation,panic, The unexpected announcement caused consternation among the employees.
contentious,quarrelsome, The contentious debate continued for hours without resolution.
contite,penitent, His contrite apology demonstrated genuine remorse.
contumacious,rebellious, The contumacious student refused to follow the school rules.
corroborate,to make more certain; confirm, The witness's testimony helped to corroborate the suspect's alibi.
countencance,"appearance, especially the look or expression of the face", His calm countenance belied the stress he was feeling.
counterpart,a person or thing resembling or complementing annother, The scientist collaborated with her international counterpart on the research project.
craven,cowardly, The craven decision to surrender without a fight disappointed many.
credulity,willingness to behave or trust too readily, His credulity made him susceptible to believing in conspiracy theories.
cronysim,"the practice of favoring ones friends, especially in political appts", The company's success was marred by accusations of cronyism in hiring.
cursory,"hasty, superficial as of a review of something", A cursory examination of the document revealed no major issues.
dearth,"an inadequate supply, scarcity, lack", The drought led to a dearth of crops and food shortages.
decorum,orderliness and good taste in manners, The formal event demanded a high level of decorum from the attendees.
deleterious,"hurtful, morally or physically", Smoking has deleterious effects on both physical and mental health.
delineate,to represent by sketch or diagram, The map delineates the boundaries of the national park.
depravity,the state of being morally bad or evil, The novel explores the depths of human depravity.
deride,"to ridicule, to make fun of", It is unkind to deride others for their differences.
derision,ridicule, The comedian faced derision from the audience after a poorly received joke.
derivative,something obtained from a source, The artist's work was criticized as being derivative and lacking originality.
desultory,aimless; haphazzard," The conversation was desultory, lacking focus and direction."
diatribe,bitter or malicious criticism, The politician launched into a diatribe against his opponents.
didactice,pertaining to teaching," The professor's lecture was didactic, intended to teach a specific lesson."
dilatory,causing delay, His dilatory actions delayed the completion of the project.
disconcert,to disturb the composure of, The unexpected turn of events seemed to disconcert everyone in the room.
discretion,"the power to act according to ones own judgement, teh quality of being discreet", The officer used discretion when deciding whether to issue a warning or a ticket.
disquiet,lack of calm peace or ease, A feeling of disquiet settled over the town as rumors spread.
dissemble,to disguise or preten, She tried to dissemble her disappointment with a forced smile.
dissolution,breaking up a union of persons, The dissolution of the partnership was amicable.
divest,to strip; to deprive, The company decided to divest its non-profitable assets.
diculge,"to tell or make known, generally of something secret or private", He refused to divulge the confidential information.
doldrums,a state of inactivity or low spirits," The economy was in the doldrums, with high unemployment and slow growth."
dubious,doubtful, The company's dubious practices raised ethical concerns.
dupe,someone easily fooled, He realized he had been a dupe in the elaborate scam.
ebullient,showing great enthusiam to exhilaration, Her ebullient personality always brightened the room.
efficacy,power to produce an intended effect, The efficacy of the new drug was proven in clinical trials.
effrontery,shameless boldness; impudence, His effrontery in asking for a raise surprised his colleagues.
egress,exit, The emergency exit served as the main egress during the fire.
elegy,a poem lamenting the dead, The poet composed a moving elegy in memory of the departed.
eleicit,to extract without violence; to learn through discussion, Her comments were intended to elicit a response from the audience.
elitism,consciousness or pride in belonging to a select group, The club's elitism discouraged new members from joining.
embellish,to add attractive and ornamental features, She tended to embellish her stories to make them more interesting.
emulate,imitate, Young athletes often strive to emulate their sports heroes.
enervate,to weaken, The hot weather seemed to enervate everyone in the city.
engender,to produce, The debate failed to engender any meaningful solutions.
ennui,boredom, The long winter days brought a sense of ennui to the small town.
ephemeral,"short lived, fleeting"," The beauty of the cherry blossoms is ephemeral, lasting only a short time."
equable,free from many changes or variations, His equable temperament made him well-liked among his colleagues.
equanimity,evenness of mind or temper," She faced the challenges with equanimity, never losing her composure."
equivocal,ambiguous, His equivocal response left everyone uncertain about his intentions.
equivocate,to use ambiguous or unclear expressions. usually to avoid commitment or to mislead, Politicians often equivocate when pressed for a clear answer.
eradicate,to detroy completely, The goal is to eradicate poverty from the community.
erusite,very learned, The professor's erudite lecture impressed the students.
eschew,to keep clear of, He made a conscious effort to eschew unhealthy habits.
esoteric,hard to understand; known only by a few, The professor's research was so esoteric that few could understand it.
exacerbate,to make more sharp or severe; to make worse, His comments only served to exacerbate the already tense situation.
excupate,to free from blame, New evidence came to light that could exculpate the accused.
exigency,urgent situation, The manager handled the exigency with calm efficiency.
expatiate,to speak or write at some length, The speaker continued to expatiate on the importance of environmental conservation.
expiation,the means by which atonement or reparation is made, The ritual served as an expiation for past sins.
extirpate,to root or out; to eradicate, Efforts were made to extirpate the invasive species from the ecosystem.
extrapolation,to infer an unknown from something that is known, The scientist used extrapolation to predict future trends based on current data.
facetious,amusing, His facetious remarks lightened the mood during the serious meeting.
fallacious,illogical," The argument was fallacious, relying on faulty logic."
fatuous,idiotic, His fatuous remarks revealed a lack of serious thought.
fervor,ardor or intensity of feeling, The political speech was delivered with great fervor.
fledgling,inexperienced, The fledgling company quickly gained market share.
foment,to nurse to life; to encourage, The activist hoped to foment change through peaceful protests.
forestall,to prevent by taking action in advance, Measures were taken to forestall potential issues.
fortification,the act of strengthening or pretecting, The castle's fortification protected it from invaders.
frugal,economical, Living a frugal lifestyle helped him save money for the future.
fulminate,to cause to explode, The professor would often fulminate against academic dishonesty.
fumble,to feel or grope about clumsily, The quarterback's fumble cost the team the game.
gaffe,a social blunder; faux pas, His unintentional gaffe during the interview became a viral sensation.
gainsay,to contradict; to deny, Few dared to gainsay the professor's expert opinion.
garrulous,prone to trivial talking, The garrulous old man could talk for hours about his past.
germane,relevant, Her comments were always germane to the topic at hand.
goad,to urge on," The persistent teasing served as a goad, pushing him to take action."
grandiloquent,pompous; bombastic, His grandiloquent speeches impressed the audience.
grandstand,to conduct oneself or perform showily in attempt to impress onlookers, The athlete decided to grandstand after scoring the winning goal.
gregarious,sociable; outgoing, His gregarious nature made him popular at social events.
guileless,without deceit, The child's guileless innocence was heartwarming.
gullible,easily decieved, The scam artist preyed on gullible individuals.
halcyon,calm," The vacation was a time of halcyon days, free from stress."
haphazard,characterized by a lack of order or planning, The haphazard arrangement of items made it difficult to find anything.
harangue,a tirade, The politician delivered a lengthy harangue against his opponents.
harbinger,one who foreruns and announces the coming of a person or thing, The first signs of spring are often seen as a harbinger of warmer weather.
hedge,a barrier or boundary; an act of preventing complete loss of a bet or investment, The investor decided to hedge his bets by diversifying his portfolio.
heresy,opinion or doctrine subversive of settled or accepted beliefs, The new scientific theory was considered heresy by traditionalists.
homgeneous,of the same kind, The population of the small town was largely homogeneous.
hyperbole,exaggeration or overstatement, The comedian used hyperbole to exaggerate the humorous aspects of the story.
iconclast,an image breaker, The artist was considered an iconoclast for challenging traditional art forms.
ignominious,shameful, The defeat was an ignominious end to the team's championship hopes.
impecunious,having no money, The impecunious artist struggled to make ends meet.
impede,to hinder or block, The construction work will temporarily impede traffic flow.
impenitent,not feeling regret about one's since," The criminal remained impenitent, showing no remorse for his actions."
imperious,insisting on obedience, Her imperious demeanor made it clear she was used to being in charge.
imperturable,calm, The detective remained imperturbable in the face of danger.
impervious,impenetrable," The material was impervious to water, making it ideal for outdoor use."
impetuous,impulsive, His impetuous decision to quit his job surprised everyone.
implicit,implied, There was implicit trust between the partners in the business.
importune,to harass with persistent demands, The persistent salesman continued to importune customers despite their disinterest.
impugn,to assail with arguments or accusations, The lawyer sought to impugn the credibility of the witness.
inadvertently,unintentionally, He inadvertently deleted the important files from his computer.
inane,silly, The conversation became increasingly inane as it went on.
inchoate,recently begun, The plan was still inchoate and needed further development.
inconstant,changeable, The inconstant weather made it difficult to plan outdoor activities.
indolence,laziness, His indolence prevented him from achieving his goals.
ineffable,unutterable," The beauty of the sunrise was ineffable, beyond words."
inert,inactive; lacking power to move, The substance appeared inert and did not react to other chemicals.
inexerable,unrelenting," The march of time is inexorable, and change is inevitable."
ingratiating,charming, Her ingratiating smile won over even the toughest critics.
innocuous,harmless, The harmless-looking insect turned out to
insiuate,to suggest or hint slyly, He tried to insinuate that he knew something others did not.
insipid,bland," The meal was insipid, lacking flavor and excitement."
insouciant,nonchalant, His insouciant attitude towards the upcoming exam surprised his classmates.
intimation,something indicated or made known directly, The dark clouds were an intimation of an approaching storm.
intrepid,fearless and bold, The intrepid explorer ventured into uncharted territory.
inure,"to harden to toughen by use, exercise or exposure"," Over time, he became inured to the challenges of his demanding job."
invidious,showing or feeling envy, Making invidious comparisons can harm relationships.
irascible,easily angered, His irascible temperament made it challenging to work with him.
itinerant,wandering, The itinerant artist traveled from town to town showcasing his work.
jingoism,showing ones patriotism loudly and excessively, The politician's speeches were criticized for promoting jingoism.
killjoy,a person who spoils the joy or pleasure of others, His constant negativity earned him the reputation of a killjoy.
laconic,brief and to the point, His laconic responses made it difficult to understand his true feelings.
latent,dormant, The latent talent of the musician became evident after years of practice.
laudable,praiseworth, Her laudable efforts in community service were recognized with an award.
licentious,wanton, The novel explored the licentious behavior of characters in a hedonistic society.
liken,to represent as similar to someone or something, The poet often likens the moon to a silver coin in his verses.
loquacious,talkative, The loquacious professor could lecture for hours without a pause.
lucis,"easily understood, clear", The teacher provided a lucid explanation of the complex concept.
magnamimity,genoristy, Showing magnanimity in victory is a mark of true sportsmanship.
malingerer,one who feigns illness to escape duty, Accusations of malingering arose when he frequently called in sick.
malleable,pliant, The young minds of children are often considered malleable and impressionable.
masticate,to chew or reduce to a pulp, It's important to masticate food thoroughly for proper digestion.
maverick,rebel; nonconformist, The maverick artist refused to conform to traditional styles.
mediocrity,the state or quality of being mediocre, A fear of mediocrity motivated him to strive for excellence.
mendacious,untrue, His mendacious statements damaged his credibility.
metamorphosis,change of form, The caterpillar undergoes a metamorphosis to become a butterfly.
meticulous,overcautious, The architect was meticulous in every detail of the building design.
misanthrope,one who hates mankind, The misanthrope avoided socializing and preferred solitude.
mitigate,to lesson in intensity; to appease, Planting trees can help mitigate the effects of climate change.
modicum,a small amount, He showed only a modicum of interest in the project.
mollify,to soothe, The apology helped to mollify the offended party.
mordant,biting, His mordant sense of humor sometimes offended sensitive listeners.
moribund,near death or extinction, The moribund industry struggled to adapt to modern trends.
morose,ill humored; sullen, His morose demeanor suggested he was in a gloomy mood.
mundane,ordinary; dull, The daily routine became mundane and monotonous.
myopic,short sighted or narrow minded, The myopic view failed to consider long-term consequences.
narcissism,excessive fascination with oneself, Excessive narcissism can hinder healthy relationships.
nefarious,extremely wicked, The nefarious activities of the criminal organization were exposed.
negate,to cancel out; to nullify, The positive effects of the treatment were negated by the side effects.
neophyte,beginner, The neophyte gardener was eager to learn about plant care.
nepotism,favoritism shown on the basis of family relationship, The hiring process was criticized for favoring nepotism.
obdurate,stubborn, His obdurate refusal to compromise led to a deadlock.
obfuscate,to darken, The speaker intentionally obfuscated the facts to confuse the audience.
obsequious,servile; ready to serve, The obsequious assistant always sought to please the boss.
obviate,to make unnecessary, Proper planning can obviate the need for last-minute changes.
odious,hateful, His odious behavior alienated him from his colleagues.
oddicious,meddlesome," (Note: This seems to be a misspelling. If you have a correct term, please provide it.)"
onus,burden, The onus of proving innocence falls on the accused.
opprobrium,infamy; vilification, The scandal brought great opprobrium to the politician.
oscillate,to waver, The pendulum continued to oscillate back and forth.
ostentation,a display of vanity; showiness, The ostentation of his wealth was evident in his extravagant lifestyle.
palpable,perceptible by feeling or touch, The tension in the room was palpable as the verdict was announced.
panache,a grand or flamboyant manner or stle, She wore her vintage dress with panache at the party.
parable,a short story designed to illustrate a lesson, The wise elder shared a parable to teach an important life lesson.
paragon,model of perfection, She was considered a paragon of virtue and kindness.
parsimonious,sparing in spending of money, His parsimonious spending habits allowed him to save for the future.
partisan,one sided; committed to one party, The partisan nature of the debate made compromise difficult.
pathos,having a quality that rouses emotion or sympathy, The movie's emotional scenes evoked a strong sense of pathos.
paucity,fewness, The paucity of resources hindered the completion of the project.
pejorative,having a disparingly or derogatory effect, The use of pejorative language can harm relationships.
oenchant,strong inclination," The enchanting melody oenchant the audience, filling the room with a magical atmosphere."
pernrious,excessively sparing the use of money; frugal, The pernicious influence of negative thoughts can hinder personal growth.
perennial,something long lasting, The perennial beauty of the garden ensured colorful blooms in every season.
perfidy,treachery," His act of perfidy, betraying a trusted friend, shattered the bonds of friendship."
permeable,penetrable; porous," The permeable membrane allows water to pass through, facilitating osmosis."
pernicious,tending to kill or hurt, Smoking is a pernicious habit that poses serious health risks.
pervasive,spread throughout, The pervasive aroma of fresh coffee greeted visitors as they entered the caf‚.
phlegmatic,not easily roused to feeling or emotion, His phlegmatic demeanor remained calm even in the face of adversity.
pious,religious, The pious woman devoted her life to charitable acts and religious practices.
placate,to soothe; to bring from hostile state to a calm one, The manager offered a sincere apology to placate the upset customer.
platitude,trithe or commonplace statement, The speaker's speech was filled with clich‚s and empty platitudes.
plethora,excess; superabundance, The farmers' market offered a plethora of fresh fruits and vegetables.
plumb,to make vertical, The plumber worked diligently to plumb the depths of the clogged drain.
polarize,to divide into sharply opposing factions," The controversial issue served to polarize public opinion, creating heated debates."
pompous,ostentatiously lofty ot high flown, His pompous attitude made it difficult for others to relate to him.
ponderous,"massive, awkward, unwiedly"," The ponderous novel, filled with intricate details, required careful reading."
perous,full of pores," The porous rock allowed water to seep through, creating underground streams."
portend,foretell," The dark clouds portend an approaching storm, prompting people to seek shelter."
poseur,a person who attempts to impress others by assuming a manner other than his true one, His attempts to impress others with his knowledge came off as those of a poseur.
pragmatic,practical," Taking a pragmatic approach, she focused on practical solutions to the problem."
precarious,perilous," Balancing on the edge of the cliff, the hiker faced a precarious situation."
precipitate,rash; premature, The sudden change in weather could precipitate a shift in travel plans.
precocious,mature at a young age, The precocious child demonstrated advanced intellectual abilities for her age.
preeminent,eminent above or before others," The scientist was preeminent in the field, pioneering groundbreaking research."
prescience,knowledge of events before they happen, Her prescience allowed her to anticipate future trends in the market.
prevaricate,to use ambiguous language for the purpose of decieving, Politicians sometimes prevaricate to avoid giving direct answers.
proclivity,natural inclination, His proclivity for adventure led him to explore remote places.
prodigal,wasteful or lavish, The prodigal son returned home after years of wandering.
prodigious,immense, The artist's prodigious talent was evident in every brushstroke.
prodigy,"a person, usually a child, having extraordinary talent"," The young musician was considered a prodigy, mastering the piano at an early age."
profound,"deep, not superficial", The philosopher's insights were profound and thought-provoking.
proliferate,to grow rapidly," In favorable conditions, bacteria can proliferate rapidly."
propensity,natural inclination, Her propensity for kindness endeared her to everyone she met.
prophetic,of the nature or containing a prophecy, The prophetic words of the ancient oracle still echoed in the city.
propitious,indicative of favor, The propitious weather forecast boosted the team's morale.
prosaic,commonplace or dull," The daily routine became prosaic, lacking excitement."
protean,changeable in shape or form," His career was protean, with successes in various fields."
prudence,caution, Prudence dictated careful planning and consideration of risks.
puerile,childish, His puerile jokes were amusing to some but annoying to others.
pugnacious,quarrelsome, The boxer had a pugnacious demeanor in the ring.
pungent,sting; sharp in taste or smell, The pungent smell of spices filled the kitchen.
pusillanimous,cowardly; fainthearted, His pusillanimous response to the challenge disappointed his teammates.
qualms,misgivings; uneasy fears, She had qualms about accepting the job offer due to ethical concerns.
quibble,minor objections or complaint," The team continued to quibble over minor details, delaying progress."
quiescence,being quiet or still; inactivity, The quiescence of the lake mirrored the calmness of the surrounding landscape.
quixotic,idealistic; romantic to a ridiculous degree, His quixotic quest for perfection often led to frustration.
recant,to formally withdraw ones belief, The scientist had to recant his earlier theory after new evidence emerged.
recidivism,the tendency toward repeated or habitual relapse, The program aimed to reduce recidivism among former convicts.
recondite,incomprehensible to one of ordinary understanding; profound, The recondite topic was challenging for even the most advanced students.
redress,to set right by compenstaion or punishment, The organization sought redress for the grievances of its members.
refutation,an act of disproving a statement or charge, The debater presented a strong refutation of the opposing argument.
repose,the state of being at rest, The garden provided a place of repose for those seeking tranquility.
reprobate,a sinful and depraved person, His behavior was so reprobate that he was expelled from the school.
repudiate,to refuse to have anything to do with, The leader had to repudiate the controversial statement made by a member.
rescind,to void to enacting authority, The company decided to rescind the unpopular policy.
respite,interval of rest, The vacation offered a much-needed respite from the daily grind.
restive,impatient or refusing to go forward, The restless crowd became increasingly restive as they waited for the event to start.
reticent,reserved; inclined to silence," Despite being reticent, he occasionally shared profound insights."
reverent,respectful, The ceremony was conducted in a reverent atmosphere.
rhetoric,the art of effective communication, The politician's rhetoric was designed to appeal to a wide audience.
rout,to drive out; stampede, The opposing team suffered a rout in the championship game.
rueful,causing sorrow or pity, He wore a rueful expression after realizing his mistake.
ruminate,to chew over again; to think over, The philosopher would often ruminate on the nature of existence.
sagacious,wise, The sagacious advisor provided valuable insights during the crisis.
salacious,having strong sexual desires, The tabloid published salacious stories to attract readers.
salubrious,healthful, The mountain air was believed to have salubrious effects on health.
sanction,to approve, The government imposed economic sanctions to pressure the foreign regime.
sanguine,cheerfully confident; optimistic," Despite setbacks, she remained sanguine about the project's success."
satiate,to satisfy or fullfil the appetite or desire of, The hearty meal was enough to satiate their hunger.
savor,to satidy fully, She took a moment to savor the delicious flavors of the dish.
secrete,to hide away, Certain glands secrete substances that play important roles in the body.
sedulous,perserving in effort or endeavor, The sedulous student always completed assignments with great care.
seethe,to be disturbed, Anger caused him to seethe silently rather than express his frustration.
seminal,influencing future developments, The scientist published a seminal paper that influenced the entire field.
shard,fragment, The broken vase left behind a shard of glass on the floor.
shirk,to avoid," He was known to shirk his responsibilities, leaving others to pick up the slack."
shoddy,not genuine; inferior, The shoddy workmanship resulted in frequent repairs.
sinuous,curving in and out, The river followed a sinuous path through the mountains.
skeptic,doubter," As a skeptic, he questioned the validity of paranormal claims."
skepticism,doubt or disbelief, Scientific inquiry thrives on healthy skepticism and rigorous testing.
skittish,lively; frisky, The skittish horse was easily startled by sudden movements.
slander,defamation, Spreading false accusations is a form of slander.
slothful,slow moving; lazy, The slothful employee rarely completed tasks on time.
solicitous,worried; concerned, The solicitous friend always offered help in times of need.
sonorous,resonant, The sonorous voice
soporific,causing sleep, The professor's monotonous lecture had a soporific effect on the students.
spate,a sudden almost over whelming outpouring, A spate of new regulations impacted businesses in the region.
specious,seemingly reasonable but incorrect," His argument may sound convincing, but it's ultimately specious."
spendthrift,someone who wastes money, Her spendthrift habits led to financial difficulties.
spurious,not genuine," The document turned out to be spurious, filled with false information."
stentorian,extremely loud, The general's stentorian voice commanded attention on the battlefield.
stigma,a token of disgrace, There is a lingering social stigma associated with mental health issues.
stint,to be thrifty," She completed her work without stint, giving her best effort."
stipulate,to make express conditions, The contract stipulates the terms and conditions of the agreement.
stolid,dull; impassive, His stolid expression revealed little about his emotions.
stratify,to form or place in layers, Social classes often stratify based on economic factors.
striated,marked with parallel bands, The rock had a beautifully striated pattern.
sturt,a pompous walk, The sudden rain caused a sturt among the picnic-goers.
sumlime,supreme or outstanding; elevated, The view from the mountaintop was truly sublime.
subterfuge,evasion, The spy used subterfuge to gather intelligence without being detected.
supercilious,showing carless contempt, Her supercilious attitude alienated potential friends.
superfluous,more than what is needed, The additional details were superfluous and added little value.
supersede,to cause to be set back, New technologies often supersede older ones.
supine,lying on the back, The patient lay supine on the hospital bed.
sybarite,a person devoted to luxury and pleasure," Known for his extravagant lifestyle, he was often called a sybarite."
sycophant,"a self seeking, servile flatterer", The sycophant constantly praised the boss to gain favor.
tacit,understood, There was a tacit agreement not to discuss certain sensitive topics.
taciturn,stern; silent, The taciturn man rarely engaged in conversation.
tangential,digressing, His comments were tangential to the main discussion.
tantamount,equivalent in effect of value, His actions were tantamount to admitting guilt.
tawdry,cheap," The carnival had a tawdry atmosphere with bright, garish colors."
temerity,a foolish disregard of danger, His temerity in challenging the authority led to consequences.
tempestuous,stormy; impassioned, The tempestuous weather made sailing treacherous.
tenacious,holding fast, The tenacious climber reached the summit against all odds.
tendentious,"having or showing a definite tendency, bias or purpose", The article presented a tendentious view of the political situation.
tenuous,thin; slim, The tenuous connection between the two ideas became apparent.
tepid,lukewarm, The tepid response to the proposal indicated a lack of enthusiasm.
thrall,slave; bondage, The mysterious story held the audience in thrall.
thwart,to frustrate, The security measures were in place to thwart potential threats.
timidity,lacking in self assurance or courage, Overcoming timidity was essential for public speaking.
titillate,to tickle, The provocative movie aimed to titillate its audience.
titular,pertaining to the nature of a title," Although the titular head, he had little real authority."
torpid,dull;sluggish; inactive, The torpid snake moved sluggishly in the cool morning.
tortuous,abounding in irregular bends or turns, The tortuous path through the forest confused hikers.
tractable,docile," The student was tractable, always willing to learn."
transgression,violation; sin, Stealing is considered a transgression of ethical norms.
transciene,being in a state of transition," The joy of the moment was transient, quickly replaced by reality."
transmute,to change, The alchemist sought to transmute base metals into gold.
transparent,easily detected," The glass was transparent, allowing clear visibility."
transpire,to happen or be revealed, The details of the meeting were not meant to transpire to the public.
trepidation,nervous feeling; fear," With a sense of trepidation, he entered the haunted house."
truculence,ferocity, His truculence made negotiations difficult.
turgid,inflated; overblown or pompous, The turgid prose of the novel made it challenging to read.
tutelage,the act of training or being under instruction," Under the tutelage of a master, the apprentice honed his skills."
tyro,beginner," As a tyro in the field, she had much to learn."
ubiquitious,being present everywhere, Mobile phones have become ubiquitous in modern society.
umbrage,sense of injury, He took umbrage at the slightest criticism.
unussuaged,unstratisfied; not soothed, His hunger for success remained unassuaged.
uncouth,clumsy; rude, His uncouth behavior embarrassed his friends.
undermine,to weaken or sap, Gossip can undermine relationships and trust.
underringly,without fail," (Note: This seems to be a misspelling. If you have a correct term, please provide it.)"
ungainly,awkward; clumsy, The ungainly dancer lacked grace on the stage.
unison,complete accord, The choir sang in beautiful unison.
unruly,disobedient, The unruly crowd needed police intervention.
untenable,indefensible, His argument was untenable and easily refuted.
upbraid,to reproach as deserving blame, The boss had to upbraid the employee for repeated mistakes.
urbanity,refined courtesy or politeness, His urbanity and charm made him popular in social circles.
vacillate,to waver; to fluctuate, Indecisiveness caused him to vacillate between options.
vagabond,wanderer, The vagabond traveler had no fixed destination.
vainglorious,excessive; pretentious, His vainglorious boasting irritated his peers.
valorous,courageous, The knight's valor in battle was widely celebrated.
vantage,position giving advantage," From her vantage point, she could see the entire city."
vapid,"having lost quality and flavor, dull, lifeless"," The conversation was vapid, lacking substance."
variegated,many colored, The variegated colors of the flowers created a stunning display.
vehement,to look upon with deep respect, Her vehement protest against the decision caught everyone's attention.
veracious,truthful, The journalist was known for her veracious reporting.
verbiage,use of many words, The contract was filled with unnecessary verbiage.
verbose,wordy, The professor's verbose explanation confused the students.
vestigial,occuring or persisting as a rudimentary or degenerate structure, The appendix is considered a vestigial organ in humans.
viscous,sticky; gluey," The thick, viscous liquid poured slowly from the container."
vituperate,overwhelm with wordy abuse, The angry manager continued to vituperate the employee.
vociferous,making a loud outcry, The vociferous crowd demanded justice.
volatile,changeable," The situation was highly volatile, and tensions ran high."
volition,a choice or decision made by the will, She pursued her goals with determination and volition.
voluble,fluent; talkative, The politician was known for his voluble speeches.
warranted,justified, The harsh criticism was warranted given the circumstances.
wary,very cautious," Being wary of scams, she thoroughly researched before making investments."
welter,turmoil, The documents were in a welter on the cluttered desk.
whet,to sharped or stimulate, The appetizer was meant to whet the guests' appetites.
whimsical,fanciful, Her whimsical art was characterized by playful and imaginative elements.
whorl,ring, The fingerprint had a distinct whorl pattern.
winsome,attractive, Her winsome smile charmed everyone she met.
wreak,inflict, The storm could wreak havoc on the coastal towns.
writhe,twist, The patient began to writhe in pain as the medication wore off.
yore,time past," In the days of yore, knights roamed the land in search of adventure."
zealot,fanatic, The political zealot passionately advocated for his cause.
zeitgeist,intellectual and moral tendencies of any age, The art of the era captured the zeitgeist of social change.
